Fecha,Remitente,Destinatario,Contenido,Adjunto
23/10/2025 12:56,davicicito,Antonio,"hola antonio como estas?",
23/10/2025 19:30,Pedro,davicicito,"hola david",
24/10/2025 10:58,davicicito,Antonio,"",proyectoFinalUd1_XML_Stream_2526.pdf
25/10/2025 13:17,davicicito,Antonio,"",Captura de pantalla 2025-09-19 125242.png
25/10/2025 13:18,davicicito,Maria,"Maria que tal como andas?",
25/10/2025 13:18,davicicito,Juan,"juanito viste el partido??",
25/10/2025 13:18,davicicito,Pedro,"que pasa pedro que tal el trabajo",
